{
  "x": 5.811002469107635,
  "y": 3.991853144953025,
  "z": -2.530535657017782
}