{
  "qw": 0.9999999939748014, 
  "qy": 0.00010977430230008733, 
  "qx": 0.0, 
  "qz": 0.0, 
  "y": -4.0, 
  "x": -3.9999350141732086, 
  "z": -7.542437331567751
}