{
  "x": 5.827523986894314,
  "y": 4.094581059653503,
  "z": -2.4189558651599947
}