{
  "x": 5.889741660636979,
  "y": 4.031050840024067,
  "z": -2.332889022051113
}