{
  "qw": 0.9999999841987167, 
  "qy": 0.00017777110663574344, 
  "qx": 0.0, 
  "qz": 0.0, 
  "y": -4.0, 
  "x": -3.999904678714537, 
  "z": -10.729498377708145
}