{
  "qw": 0.999999931206046, 
  "qy": 0.00021941467139152224, 
  "qx": 0.0002990737403904262, 
  "qz": 5.5623856232006205e-08, 
  "y": -3.9865691394879943, 
  "x": -4.00000991736007, 
  "z": 3.308431401748675
}