{
  "x": 5.814796349122927,
  "y": 3.9692115518421622,
  "z": -2.072008217460173
}