{
  "qw": 0.9999999807738659, 
  "qy": 0.00019609249886413845, 
  "qx": 0.0, 
  "qz": 0.0, 
  "y": -4.0, 
  "x": -3.9998922398509893, 
  "z": -11.979606847744472
}