image,image_id,tag_id,decision_margin,x,y,z
612.jpg,612,0,98.18648529052734,13.272039958231833,9.24381986968729,-2.8367686043390474
614.jpg,614,0,98.66252899169922,12.83864743869958,9.241181039253277,-2.8462224307892248
615.jpg,615,0,99.8313217163086,12.650651644961634,9.245888190137503,-2.8448754878992273
674.jpg,674,0,99.290771484375,12.687190467256823,8.960882853100347,-2.844015111952405
675.jpg,675,0,97.85101318359375,12.880121216385715,8.958856207852651,-2.8341428254944137
676.jpg,676,0,95.52397155761719,13.033933748699683,8.959121341848384,-2.8544947267171983
677.jpg,677,0,96.68165588378906,13.223804954763635,8.95817822136516,-2.8471180921191115
