{
  "x": 12.880121216385715,
  "y": 8.960882853100347,
  "z": -2.8448754878992273
}