{
  "qw": 0.9999998046767963, 
  "qy": 0.00031484314138340616, 
  "qx": 0.0005399260209706254, 
  "qz": 2.402716726535079e-07, 
  "y": -8.977239387002966, 
  "x": -9.004164728891466, 
  "z": 5.011331084646435
}